[
  {
    "letter": "A",
    "path": [
      {"command": "moveTo", "x": -50, "y": 200},
      {"command": "lineTo", "x": 0, "y": -200},
      {"command": "lineTo", "x": 50, "y": 200},
      {"command": "moveTo", "x": -25, "y": 50},
      {"command": "lineTo", "x": 25, "y": 50}
    ]
  },
  {
    "letter": "B",
    "path": [
      {"command": "moveTo", "x": -100, "y": 200},
      {"command": "lineTo", "x": -100, "y": -200},
      {"command": "lineTo", "x": 25, "y": -150},
      {"command": "lineTo", "x": -100, "y": -50},
      {"command": "moveTo", "x": -100, "y": -50},
      {"command": "lineTo", "x": 50, "y": 50},
      {"command": "lineTo", "x": -100, "y": 200}
    ]
  },
  {
    "letter": "C",
    "path": [
      {"command": "moveTo", "x": 50, "y": -200},
      {"command": "arcTo", "x1": 50, "y1": -200, "x2": -50, "y2": 200, "r1": 150}
    ]
  },
  {
    "letter": "D",
    "path": [
      {"command": "moveTo", "x": -100, "y": 200},
      {"command": "lineTo", "x": -100, "y": -200},
      {"command": "arcTo", "x1": -100, "y1": -200, "x2": 50, "y2": 200, "radius": 200}
    ]
  }
]